mod,massshift,aa
Carbamidomethyl,57.021464,C
K8,8.014199,K
Phospho,79.96633041,S
Phospho,79.96633041,T
Phospho,79.96633041,Y
TMTPro,304.207146,n
TMTPro,304.207146,K
